rank,top_k,homogeneity_median,homogeneity_mean,outlier_variety_mean,categories_identified_mean
6,10,0.5666666666666667,0.5666666666666667,1.8333333333333333,3.0
6,15,0.5333333333333333,0.5333333333333333,2.0,3.0
8,10,0.5874999999999999,0.5874999999999999,1.875,3.0
8,15,0.6,0.6,2.0,3.0
